Price,Name,CPU,RAM,Hard Disk,GPU,Screen,Warranty,Stock,Status
24.990.000,Lenovo Legion 5,Core i7-11800H,16GB,512GB,RTX 3060,"15.6"" 2K 165Hz 100% sRGB",12 tháng LaptopAZ,Còn hàng,New 100%
28.390.000,Asus ROG Zephyrus G15 GA503RM,Ryzen 7-6800HS,16GB,512GB,RTX 3060 6GB,15.6'' QHD+ 240Hz,12 tháng tại LaptopAZ,Còn hàng,New 100%
19.890.000,Lenovo LOQ 2023 82XV002LUS,Core i5-13420H,8GB,1TB,RTX 3050 6GB,"15.6"" FHD 144Hz",12 tháng LaptopAZ,Còn hàng,New 100%
32.890.000,Lenovo Legion Slim 5 2023,Y7000P) (Core i7-13700H,16GB,1TB,RTX 4060 8GB,16'' 2K+ 165Hz,12 tháng LaptopAZ,Còn hàng,New 100%
25.690.000,Acer Nitro 16 2023,Core i5-13500H,16GB,512GB,RTX 4050 6GB,"16"" FHD+ IPS 165Hz",12 tháng LaptopAZ,Còn hàng,New 100%
39.890.000,Lenovo Legion Pro 5 Y9000P 2023,Core i9-13900HX,16GB,1TB,RTX 4060 8GB,"16"" WQXGA 240Hz",12 tháng LaptopAZ,Còn hàng,New 100%
17.990.000,Dell Gaming G15 5525,Ryzen 5-6600H,8GB,512GB,RTX 3050 4GB,15.6'' FHD 120Hz,12 tháng LaptopAZ,Còn hàng,New 100%
17.990.000,Acer Nitro 5 2022 AN517-55,Core i5-12500H,8GB,512GB,RTX 3050,"17.3"" FHD IPS 144Hz",12 tháng LaptopAZ,Còn hàng,New Outlet
27.990.000,Acer Gaming Predator Helios 300 2022 PH315-55-70ZV,Core i7-12700H,16GB,512GB,RTX 3060 6GB,15.6'' FHD 165Hz,12 tháng LaptopAZ,Còn hàng,New 100%
16.990.000,Acer Nitro 5 2022 AN517-55,Core i5 - 12500H,8GB,256GB,RTX 3050,"17.3"" FHD IPS 144Hz",12 tháng LaptopAZ,Còn hàng,New Outlet
22.990.000,Asus  ROG Zephyrus G14 GA401QM,Ryzen 7-5800HS,16GB,512GB,RTX 3060,"14"" FHD IPS 144Hz",12 tháng LaptopAZ,Còn hàng,New 100%
21.790.000,Asus ROG Strix G15 2022 G513RC,Ryzen 7-6800HS,8GB,512GB,RTX 3050,15.6'' FHD 144Hz,24 tháng Asus Việt Nam,Còn hàng,New 100%
23.890.000,Acer Nitro 5 Tiger 2022 AN515-58,Core i7 - 12700H,8GB,512GB,RTX 3050Ti,"15.6"" FHD IPS 144Hz",12 tháng LaptopAZ,Còn hàng,New 100%
27.890.000,Lenovo Legion 5 Pro 16ACH6H,Ryzen 7 - 5800H,16GB,512GB,RTX 3060,"16"" WQXGA 165Hz",12 tháng LaptopAZ,Còn hàng,New 100%
26.490.000,Acer Predator Helios Neo 2023 PHN16-71-57W1,Core i5-13500HX,16GB,512GB,RTX 4050 6GB,"16"" FHD+ 165Hz",12 tháng LaptopAZ,Còn hàng,New 100%
23.890.000,Lenovo Legion R7000P 2022,Ryzen 7-6800H,16GB,512GB,RTX 3050 4GB,15.6'' 2K+ 165Hz,12 tháng LaptopAZ,Còn hàng,New 100%
18.890.000,Acer Nitro 5 2022 AN515-58,Core i5 - 12500H,16GB,512GB,RTX 3050Ti,"15.6"" FHD IPS 144Hz",12 tháng LaptopAZ,Còn hàng,New Outlet
35.890.000,Lenovo Legion Pro 5 Y9000P 2023,Core i9-13900HX,16GB,1TB,RTX 4050 6GB,"16"" WQXGA 240Hz",12 tháng LaptopAZ,Còn hàng,New 100%
24.690.000,Dell Gaming G15 5520 2022,Core i7-12700H,16GB,512GB,RTX 3060,"15.6"" FHD 165Hz",12 tháng tại LaptopAZ,Còn hàng,New 100%
35.890.000,Lenovo Legion 5 Pro 2022 16ARH7H,Ryzen 9 - 6900HX,16GB,1TB,RTX 3070Ti 8GB,16'' WQXGA 165Hz,12 tháng Laptop AZ,Còn hàng,New 100%
20.890.000,Dell Gaming G15 5520 2022,Core i5-12500H,16GB,512GB,RTX 3050Ti 4GB,"15.6"" FHD 165Hz",12 tháng LaptopAZ,Còn hàng,New 100%
29.890.000,Lenovo Legion Slim 5 2023 Gen 8,R7000P) (Ryzen 7-7840H,16GB,1TB,RTX 4060 8GB,16'' 2K+ 165Hz,12 tháng LaptopAZ,Còn hàng,New 100%
26.890.000,Lenovo GeekPro G5000 2023,Ryzen 7-7840H,16GB,512GB,RTX 4060 8GB,"15.6"" 2K+ 165Hz",12 tháng LaptopAZ,Còn hàng,New 100%
25.890.000,Lenovo GeekPro G5000 2023,Ryzen 7-7840H,16GB,512GB,RTX 4050 6GB,"15.6"" 2K+ 165Hz",12 tháng LaptopAZ,Còn hàng,New 100%
28.890.000,Asus ROG Zephyrus G15 GA503RM 2022,Ryzen 9-6900HS,16GB,512GB,RTX 3060 6GB,15.6'' QHD+ 165Hz,12 tháng tại LaptopAZ,Còn hàng,New 100%
34.890.000,Lenovo Legion Pro 5 R9000P 2023 ARX8,Ryzen 7-7745HX,16GB,1TB,RTX 4060 8GB,"16"" WQXGA 240Hz",12 tháng LaptopAZ,Còn hàng,New 100%
24.890.000,Lenovo GeekPro G5000 2023,Core i5-13500H,16GB,1TB,RTX 4050 6GB,"15.6"" 2K+ 165Hz",12 tháng LaptopAZ,Liên hệ,New 100%
25.990.000,Lenovo Legion 5 Pro,Core i7-12700H,16GB,512GB,RTX 3050Ti 4GB,16'' WQXGA 165Hz,12 tháng LaptopAZ,Còn hàng,New Outlet
28.890.000,Dell Gaming G16 7620,Core i7-12700H,16GB,512GB,RTX 3060 6GB,"16"" QHD+ 165Hz IPS",12 tháng LaptopAZ,Còn hàng,New 100%
21.890.000,Dell Gaming G15 5525,Ryzen 7-6800H,16GB,512GB,NVIDIA RTX 3050Ti 4GB,15.6'' FHD 120Hz,12 tháng LaptopAZ,Còn hàng,New 100%
19.890.000,Dell Gaming G15 5520 2022,Core i5-12500H,16GB,512GB,RTX 3050 4GB,"15.6"" FHD 120Hz",12 tháng LaptopAZ,Còn hàng,New 100%
22.890.000,Lenovo Legion 5 17ACH6,Ryzen 7-5800H,8GB,512GB,RTX3050,17.3 FHD IPS 144Hz,12 tháng LaptopAZ,Còn hàng,New 100%
26.890.000,Lenovo Legion 5 15IAH7H,Core i7-12700H,16GB,512GB,RTX 3060 6GB,"15.6"" 2K+ IPS 165Hz",12 tháng Laptop AZ,Còn hàng,New Outlet
20.890.000,Acer Nitro 5 Tiger 2022 AN515-58,Core i5 - 12500H,16GB,512GB,RTX 3050Ti,"15.6"" FHD IPS 165Hz 100% sRGB",12 tháng LaptopAZ,Còn hàng,New 100%
None,Acer Nitro 5 AN515-46-R2C2,Ryzen 7 - 6800H,16GB,512GB,RTX 3050,"15.6"" FHD IPS 165Hz 100% sRGB",12 tháng LaptopAZ,Còn hàng,New 100%
13.890.000,Acer Nitro 5 AN515-55-50V2,Core i5-10300H,16GB,512GB,GTX1650Ti 4GB DDR6,15.6' FHD 144Hz,12 tháng LaptopAZ,Liên hệ,Like New
35.890.000,Lenovo Legion Pro 5 R9000P 2023,Ryzen 9-7945HX,16GB,1TB,RTX 4060 8GB,"16"" WQXGA 240Hz",12 tháng LaptopAZ,Còn hàng,New 100%
25.990.000,Gigabyte G5 MF-E3VN313SH,Core i5-12500H,16GB,512GB,RTX 4060 8GB,"15.6"" FHD 144Hz",24 tháng Gigabyte Việt Nam,Còn hàng,New 100%
22.790.000,Gigabyte G5 MF-E2VN333SH,Core i5-12500H,8GB,512GB,RTX 4050 6GB,"15.6"" FHD 144Hz",24 tháng Gigabyte Việt Nam,Còn hàng,New 100%
29.590.000,Lenovo Legion Y9000X IAH7,Core i7-12700H,16GB,512GB,RTX 3050Ti 4GB,16'' QHD 165Hz,12 tháng LaptopAZ,Còn hàng,New 100%
24.990.000,Lenovo Legion 5,Core i7-11800H,16GB,512GB,RTX 3060,"15.6"" 2K 165Hz 100% sRGB",12 tháng LaptopAZ,Còn hàng,New 100%
28.390.000,Asus ROG Zephyrus G15 GA503RM,Ryzen 7-6800HS,16GB,512GB,RTX 3060 6GB,15.6'' QHD+ 240Hz,12 tháng tại LaptopAZ,Còn hàng,New 100%
19.890.000,Lenovo LOQ 2023 82XV002LUS,Core i5-13420H,8GB,1TB,RTX 3050 6GB,"15.6"" FHD 144Hz",12 tháng LaptopAZ,Còn hàng,New 100%
32.890.000,Lenovo Legion Slim 5 2023,Y7000P) (Core i7-13700H,16GB,1TB,RTX 4060 8GB,16'' 2K+ 165Hz,12 tháng LaptopAZ,Còn hàng,New 100%
25.690.000,Acer Nitro 16 2023,Core i5-13500H,16GB,512GB,RTX 4050 6GB,"16"" FHD+ IPS 165Hz",12 tháng LaptopAZ,Còn hàng,New 100%
39.890.000,Lenovo Legion Pro 5 Y9000P 2023,Core i9-13900HX,16GB,1TB,RTX 4060 8GB,"16"" WQXGA 240Hz",12 tháng LaptopAZ,Còn hàng,New 100%
17.990.000,Dell Gaming G15 5525,Ryzen 5-6600H,8GB,512GB,RTX 3050 4GB,15.6'' FHD 120Hz,12 tháng LaptopAZ,Còn hàng,New 100%
17.990.000,Acer Nitro 5 2022 AN517-55,Core i5-12500H,8GB,512GB,RTX 3050,"17.3"" FHD IPS 144Hz",12 tháng LaptopAZ,Còn hàng,New Outlet
27.990.000,Acer Gaming Predator Helios 300 2022 PH315-55-70ZV,Core i7-12700H,16GB,512GB,RTX 3060 6GB,15.6'' FHD 165Hz,12 tháng LaptopAZ,Còn hàng,New 100%
16.990.000,Acer Nitro 5 2022 AN517-55,Core i5 - 12500H,8GB,256GB,RTX 3050,"17.3"" FHD IPS 144Hz",12 tháng LaptopAZ,Còn hàng,New Outlet
22.990.000,Asus  ROG Zephyrus G14 GA401QM,Ryzen 7-5800HS,16GB,512GB,RTX 3060,"14"" FHD IPS 144Hz",12 tháng LaptopAZ,Còn hàng,New 100%
21.790.000,Asus ROG Strix G15 2022 G513RC,Ryzen 7-6800HS,8GB,512GB,RTX 3050,15.6'' FHD 144Hz,24 tháng Asus Việt Nam,Còn hàng,New 100%
23.890.000,Acer Nitro 5 Tiger 2022 AN515-58,Core i7 - 12700H,8GB,512GB,RTX 3050Ti,"15.6"" FHD IPS 144Hz",12 tháng LaptopAZ,Còn hàng,New 100%
27.890.000,Lenovo Legion 5 Pro 16ACH6H,Ryzen 7 - 5800H,16GB,512GB,RTX 3060,"16"" WQXGA 165Hz",12 tháng LaptopAZ,Còn hàng,New 100%
26.490.000,Acer Predator Helios Neo 2023 PHN16-71-57W1,Core i5-13500HX,16GB,512GB,RTX 4050 6GB,"16"" FHD+ 165Hz",12 tháng LaptopAZ,Còn hàng,New 100%
23.890.000,Lenovo Legion R7000P 2022,Ryzen 7-6800H,16GB,512GB,RTX 3050 4GB,15.6'' 2K+ 165Hz,12 tháng LaptopAZ,Còn hàng,New 100%
18.890.000,Acer Nitro 5 2022 AN515-58,Core i5 - 12500H,16GB,512GB,RTX 3050Ti,"15.6"" FHD IPS 144Hz",12 tháng LaptopAZ,Còn hàng,New Outlet
35.890.000,Lenovo Legion Pro 5 Y9000P 2023,Core i9-13900HX,16GB,1TB,RTX 4050 6GB,"16"" WQXGA 240Hz",12 tháng LaptopAZ,Còn hàng,New 100%
24.690.000,Dell Gaming G15 5520 2022,Core i7-12700H,16GB,512GB,RTX 3060,"15.6"" FHD 165Hz",12 tháng tại LaptopAZ,Còn hàng,New 100%
35.890.000,Lenovo Legion 5 Pro 2022 16ARH7H,Ryzen 9 - 6900HX,16GB,1TB,RTX 3070Ti 8GB,16'' WQXGA 165Hz,12 tháng Laptop AZ,Còn hàng,New 100%
20.890.000,Dell Gaming G15 5520 2022,Core i5-12500H,16GB,512GB,RTX 3050Ti 4GB,"15.6"" FHD 165Hz",12 tháng LaptopAZ,Còn hàng,New 100%
29.890.000,Lenovo Legion Slim 5 2023 Gen 8,R7000P) (Ryzen 7-7840H,16GB,1TB,RTX 4060 8GB,16'' 2K+ 165Hz,12 tháng LaptopAZ,Còn hàng,New 100%
26.890.000,Lenovo GeekPro G5000 2023,Ryzen 7-7840H,16GB,512GB,RTX 4060 8GB,"15.6"" 2K+ 165Hz",12 tháng LaptopAZ,Còn hàng,New 100%
25.890.000,Lenovo GeekPro G5000 2023,Ryzen 7-7840H,16GB,512GB,RTX 4050 6GB,"15.6"" 2K+ 165Hz",12 tháng LaptopAZ,Còn hàng,New 100%
28.890.000,Asus ROG Zephyrus G15 GA503RM 2022,Ryzen 9-6900HS,16GB,512GB,RTX 3060 6GB,15.6'' QHD+ 165Hz,12 tháng tại LaptopAZ,Còn hàng,New 100%
34.890.000,Lenovo Legion Pro 5 R9000P 2023 ARX8,Ryzen 7-7745HX,16GB,1TB,RTX 4060 8GB,"16"" WQXGA 240Hz",12 tháng LaptopAZ,Còn hàng,New 100%
24.890.000,Lenovo GeekPro G5000 2023,Core i5-13500H,16GB,1TB,RTX 4050 6GB,"15.6"" 2K+ 165Hz",12 tháng LaptopAZ,Liên hệ,New 100%
25.990.000,Lenovo Legion 5 Pro,Core i7-12700H,16GB,512GB,RTX 3050Ti 4GB,16'' WQXGA 165Hz,12 tháng LaptopAZ,Còn hàng,New Outlet
28.890.000,Dell Gaming G16 7620,Core i7-12700H,16GB,512GB,RTX 3060 6GB,"16"" QHD+ 165Hz IPS",12 tháng LaptopAZ,Còn hàng,New 100%
21.890.000,Dell Gaming G15 5525,Ryzen 7-6800H,16GB,512GB,NVIDIA RTX 3050Ti 4GB,15.6'' FHD 120Hz,12 tháng LaptopAZ,Còn hàng,New 100%
19.890.000,Dell Gaming G15 5520 2022,Core i5-12500H,16GB,512GB,RTX 3050 4GB,"15.6"" FHD 120Hz",12 tháng LaptopAZ,Còn hàng,New 100%
22.890.000,Lenovo Legion 5 17ACH6,Ryzen 7-5800H,8GB,512GB,RTX3050,17.3 FHD IPS 144Hz,12 tháng LaptopAZ,Còn hàng,New 100%
26.890.000,Lenovo Legion 5 15IAH7H,Core i7-12700H,16GB,512GB,RTX 3060 6GB,"15.6"" 2K+ IPS 165Hz",12 tháng Laptop AZ,Còn hàng,New Outlet
20.890.000,Acer Nitro 5 Tiger 2022 AN515-58,Core i5 - 12500H,16GB,512GB,RTX 3050Ti,"15.6"" FHD IPS 165Hz 100% sRGB",12 tháng LaptopAZ,Còn hàng,New 100%
None,Acer Nitro 5 AN515-46-R2C2,Ryzen 7 - 6800H,16GB,512GB,RTX 3050,"15.6"" FHD IPS 165Hz 100% sRGB",12 tháng LaptopAZ,Còn hàng,New 100%
13.890.000,Acer Nitro 5 AN515-55-50V2,Core i5-10300H,16GB,512GB,GTX1650Ti 4GB DDR6,15.6' FHD 144Hz,12 tháng LaptopAZ,Liên hệ,Like New
35.890.000,Lenovo Legion Pro 5 R9000P 2023,Ryzen 9-7945HX,16GB,1TB,RTX 4060 8GB,"16"" WQXGA 240Hz",12 tháng LaptopAZ,Còn hàng,New 100%
25.990.000,Gigabyte G5 MF-E3VN313SH,Core i5-12500H,16GB,512GB,RTX 4060 8GB,"15.6"" FHD 144Hz",24 tháng Gigabyte Việt Nam,Còn hàng,New 100%
22.790.000,Gigabyte G5 MF-E2VN333SH,Core i5-12500H,8GB,512GB,RTX 4050 6GB,"15.6"" FHD 144Hz",24 tháng Gigabyte Việt Nam,Còn hàng,New 100%
29.590.000,Lenovo Legion Y9000X IAH7,Core i7-12700H,16GB,512GB,RTX 3050Ti 4GB,16'' QHD 165Hz,12 tháng LaptopAZ,Còn hàng,New 100%
16.890.000,Laptop Gaming Acer Nitro 5 2021 AN515-57-79TD,Core i7 - 11800H,8GB,512GB,RTX 3050Ti 4GB,15.6'' FHD IPS 144Hz,12 tháng LaptopAZ,Còn hàng,New Outlet
23.890.000,Dell Gaming G15 5525,Ryzen 7-6800H,16GB,512GB,RTX 3060 6GB,15.6'' FHD 165Hz,12 tháng LaptopAZ,Còn hàng,New 100%
46.890.000,Dell Gaming G16 7630 2023,Core i9-13900HX,16GB,1TB,RTX 4060 8GB,"16"" QHD 240Hz",12 tháng LaptopAZ,Còn hàng,New 100%
30.890.000,Lenovo Legion 5 Pro Y9000P,Core i9-12900H,16GB,512GB,RTX 3060 6GB,16'' WQXGA 165Hz,12 tháng Laptop AZ,Còn hàng,New 100%
27.390.000,Acer Gaming Predator Helios 300 2022 PH315-55-745Q,Core i7-12700H,8GB,512GB,RTX 3060 6GB,15.6'' FHD 165Hz,12 tháng LaptopAZ,Còn hàng,New 100%
30.890.000,Dell Gaming G16 7620,Core i7-12700H,16GB,1TB,RTX 3060 6GB,"16"" QHD+ 165Hz IPS",12 tháng LaptopAZ,Còn hàng,New 100%
None,Acer Gaming Predator Helios 300 2022 PH315-55-70ZV,Core i7-12700H,16GB,512GB,RTX 3060 6GB,15.6'' FHD 165Hz,12 tháng LaptopAZ,Liên hệ,New Outlet
22.890.000,Lenovo Legion 5 R7000P,Ryzen 7-5800H,16GB,512GB,RTX 3050,15.6'' FHD 100% sRGB,12 tháng LaptopAZ,Còn hàng,New 100%
17.690.000,Asus ROG Strix G15 G513IH-HN015W,Ryzen 7-4800H,8GB,512GB,GTX 1650,15.6'' FHD 144Hz,24 tháng Asus Việt Nam,Còn hàng,New 100%
24.890.000,Lenovo Legion 5 15ACH6H,Ryzen 7-5800H,16GB,512GB,RTX 3060,15.6'' FHD 165Hz,12 tháng LaptopAZ,Còn hàng,New 100%
27.990.000,Acer Predator Helios Neo 2023 PHN16-71-54W3,Core i5-13500HX,16GB,512GB,RTX 4050 6GB,"16"" WQXGA 165Hz",12 tháng LaptopAZ,Liên hệ,New 100%
15.990.000,Laptop Gaming HP Victus 2023 15-fb1013dx,Ryzen 5 - 7535HS,8GB,512GB,RTX 2050 4GB,"15.6"" FHD 144Hz",12 tháng LaptopAZ,Còn hàng,New 100%
38.890.000,Lenovo Legion 7 16ACHG6,Ryzen 9-5900HX,32GB,2TB,RTX3080 16GB,"16"" WQXGA IPS",12 tháng LaptopAZ,Còn hàng,New 100%
17.890.000,Asus TUF Dash F15 FX517ZC- WS51,Core i5-12450H,8GB,512GB,RTX 3050,15.6″ FHD 144Hz,12 tháng LaptopAZ,Còn hàng,New 100%
23.890.000,Lenovo Ideapad Gaming 3 2023 15ARH7 82SB00K9US,Ryzen 7-7735HS,16GB,512GB,RTX 4050 6GB,"15.6"" FHD 120Hz",12 tháng LaptopAZ,Còn hàng,New 100%
None,ASUS ROG Zephyrus M16 GU603ZM,Core i7-12700H,16GB,512GB,RTX 3060,"16"" 2K+ 165Hz",12 tháng tại LaptopAZ,Liên hệ,New Outlet
27.690.000,MSI Cyborg 15 A12VF 267VN,Core i7-12650H,8GB,512GB,RTX 4060 8GB,"15.6"" FHD 144Hz",24 tháng MSI Việt Nam,Còn hàng,New 100%
25.490.000,MSI Cyborg 15 A12VE 240VN,Core i7-12650H,8GB,512GB,RTX 4050 6GB,"15.6"" FHD 144Hz",24 tháng MSI Việt Nam,Còn hàng,New 100%
21.790.000,MSI Cyborg 15 A12VE 412VN,Core i5-12450H,8GB,512GB,RTX 4050 6GB,"15.6"" FHD 144Hz",24 tháng MSI Việt Nam,Còn hàng,New 100%
17.890.000,MSI Cyborg 15 A12UCX 281VN,Core i5-12450H,8GB,512GB,RTX 2050 4GB,"15.6"" FHD 144Hz",24 tháng MSI Việt Nam,Còn hàng,New 100%
41.790.000,Asus ROG Zephyrus G16 2023 GU603VU N3898W,Core i7-13620H,16GB,512GB,RTX 4050 6GB,16'' FHD+ 165Hz,24 tháng Asus Việt Nam,Còn hàng,New 100%
12.490.000,Acer Nitro 5 AN515-54-50TP,Core i5-9300H,8GB,512GB,GTX 1650 4GB,15.6 FHD IPS,12 tháng LaptopAZ,Liên hệ,Like New
16.890.000,Acer Nitro 5 AN515-57-56Z1,Core i5 - 11400H,16GB,512GB,RTX3060,15.6'' FHD IPS 144Hz,12 tháng LaptopAZ,Còn hàng,Like New
27.890.000,Lenovo Legion Slim 5 Y7000P 2023 IRH8,Core i5-13500H,16GB,1TB,RTX 4050 6GB,"16"" WQXGA 165Hz",12 tháng LaptopAZ,Còn hàng,New 100%
30.890.000,Lenovo GeekPro G5000 2023,Core i7-13700H,16GB,1TB,RTX 4060 8GB,"15.6"" 2K+ 165Hz",12 tháng LaptopAZ,Liên hệ,New 100%
22.590.000,Gigabyte G5 MF-F2VN333SH,Core i5-12450H,8GB,512GB,RTX 4050 6GB,"15.6"" FHD 144Hz",24 tháng Gigabyte Việt Nam,Còn hàng,New 100%
15.690.000,MSI GF63 Thin 11SC 664VN,Core i5-11400H,8GB,512GB,GTX 1650 4GB,"15.6"" FHD 144Hz",12 tháng MSI Việt Nam,Còn hàng,New 100%
18.890.000,Dell Gaming G15 5520 2022,Core i5-12500H,8GB,256GB,RTX 3050 4GB,"15.6"" FHD 120Hz",12 tháng LaptopAZ,Liên hệ,New 100%
22.990.000,Lenovo Ideapad Gaming 3 2022,Core i7-12700H,8GB,512GB,RTX 3050Ti,"15.6"" FHD 120Hz",12 tháng LaptopAZ,Còn hàng,New 100%
None,ASUS ROG Zephyrus M16 GU603ZM 2022,Core i7-12700H,16GB,512GB,RTX 3060,"16"" FHD+ 165Hz",12 tháng tại LaptopAZ,Liên hệ,New 100%
30.890.000,Asus TUF Dash F15 2022,Core i7-12650H,16GB,512GB,RTX 3070,15.6″ FHD 144Hz,12 tháng LaptopAZ,Còn hàng,New 100%
15.990.000,Laptop Gaming Acer Nitro 5 2021 AN515-57,Core i5 - 11400H,8GB,256GB,GTX1650,15.6'' FHD IPS 144Hz,12 tháng LaptopAZ,Còn hàng,New Outlet
14.490.000,Asus TUF Gaming A17 FA706I,Ryzen 5-4600H,16GB,512GB,GTX 1650,17.3″ FHD IPS,12 tháng LaptopAZ,Còn hàng,New 100%
26.890.000,Acer Nitro 5 Tiger 2022 AN515-58,Core i7 - 12650H,16GB,512GB,RTX 4060 8GB,"15.6"" FHD IPS 165Hz",12 tháng LaptopAZ,Còn hàng,New 100%
26.890.000,Dell Gaming G15 5530 2023,Core i5-13450HX,16GB,512GB,RTX 4050 6GB,15.6'' FHD 165Hz,12 tháng LaptopAZ,Liên hệ,New 100%
36.890.000,Acer Predator Helios Neo 2023 PHN16-71,Core i9-13900HX,16GB,1TB,RTX 4060 8GB,"16"" WQXGA 165Hz",12 tháng LaptopAZ,Liên hệ,New 100%
23.890.000,ASUS TUF Gaming A16 Advantage Edition 2023 FA617NS,Ryzen 7-7735HS,16GB,512GB,RX7600S 8GB,16″ FHD+ 165Hz,12 tháng LaptopAZ,Liên hệ,New 100%
25.890.000,Acer Gaming Predator Helios 300 2022,Core i7-12700H,16GB,512GB,RTX 3060 6GB,15.6'' QHD 165Hz,12 tháng LaptopAZ,Còn hàng,Like New
38.890.000,Dell Gaming G16 7630 2023,Core i7-13650HX,16GB,1TB,RTX 4060 8GB,"16"" QHD 240Hz",12 tháng LaptopAZ,Còn hàng,New 100%
20.290.000,Acer Nitro 5 Tiger 2022 AN515-58,Core i5 - 12500H,16GB,512GB,RTX 3050,"15.6"" FHD IPS 165Hz 100% sRGB",12 tháng LaptopAZ,Liên hệ,New 100%
27.490.000,Dell Gaming G16 7620,Core i7-12700H,16GB,1TB,RTX 3060 6GB,"16"" QHD+ 165Hz IPS",12 tháng LaptopAZ,Còn hàng,Like New
75.990.000,Asus ROG Zephyrus M16 2023 GU604VI-NM779W,Core i9-13900H,32GB,1TB,RTX 4070 8GB,"16"" QHD+ 240Hz",24 tháng Asus Việt Nam,Còn hàng,New 100%
13.890.000,Acer Nitro 5 AN515-55-51KR,Core i5-10300H,16GB,512GB,GTX1660Ti 6GB DDR6,15.6' FHD 144Hz,12 tháng LaptopAZ,Liên hệ,Like New
13.890.000,Dell G3 3500,Core i5-10300H,8GB,512GB,GTX 1650 4GB,15.6 FHD 120Hz,06 tháng LaptopAZ,Còn hàng,Like New
15.890.000,Acer Nitro 5 AN515-57-50U6,Core i5 - 11400H,16GB,512GB,RTX3050Ti,15.6'' FHD IPS 144Hz,12 tháng LaptopAZ,Còn hàng,Like New
36.890.000,Lenovo Legion Pro 5 2023,Core i7-13700HX,16GB,512GB,RTX 4060 8GB,"16.0"" 2K 165Hz",12 tháng tại LaptopAZ,Còn hàng,New 100%
18.890.000,Laptop Gaming HP Victus 2023 15-fa1093dx,Core i5-13420H,8GB,512GB,RTX 3050 6GB,"15.6"" FHD 144Hz",12 tháng LaptopAZ,Liên hệ,New 100%
75.800.009,Asus ROG Strix G18 G814,Core i9-13980HX,16GB,1TB,RTX 4080 12GB,"18"" QHD 240Hz",12 tháng LaptopAZ,Còn hàng,New 100%
19.990.000,Acer Nitro 5 Tiger 2022 AN515-58,Core i5 - 12500H,8GB,512GB,RTX 3050Ti,"15.6"" FHD IPS 144Hz",12 tháng LaptopAZ,Liên hệ,New 100%
21.490.000,Dell Gaming G15 5520,i7-12700H,8GB,512GB,RTX 3050 4GB,"15.6"" FHD 120Hz",12 tháng LaptopAZ,Còn hàng,New 100%
19.990.000,Asus TUF Dash F15 2022 FX517ZC-HN077W,Core i5-12450H,8GB,512GB,RTX 3050,15.6″ FHD 144Hz) Off Blac,24 tháng Asus Việt Nam,Còn hàng,New 100%
14.490.000,Dell G3-3500,Core i5-10300H,16GB,512GB,GTX 1650 4GB,15.6 FHD 120Hz,12 tháng LaptopAZ,Còn hàng,Like New
34.990.000,ASUS ROG STRIX G17 G713I,Ryzen 7-4800H,16GB,512GB,RTX 3060,17.3'' FHD 144Hz,12 tháng tại LaptopAZ,Còn hàng,New 100%
43.990.000,ASUS ROG STRIX G17 2021 G713QR-ES96,Ryzen 9-5900HX,16GB,1TB,RTX 3070,17.3'' FHD 300Hz,12 tháng LaptopAZ,Còn hàng,New 100%
None,Dell Gaming G15 5530 2023,Core i5-13450HX,8GB,256GB,NVIDIA RTX 3050 6GB,15.6'' FHD 120Hz,12 tháng LaptopAZ,Liên hệ,New 100%
23.990.000,Lenovo Ideapad Gaming 3 2023 15ARH7 82SB00JUVN,Ryzen 5-7535HS,8GB,512GB,RTX 4050 6GB,"15.6"" FHD 120Hz",24 Tháng Lenovo Việt Nam,Còn hàng,New 100%
None,HP Omen 16 2023,Core i7 - 13620H,16GB,1TB,RTX 4050 6GB,"16.1"" FHD IPS 144Hz",12 tháng Laptop AZ,Liên hệ,New 100%
None,HP Omen 16 2023,Core i9 - 13900HX,16GB,1TB,RTX 4060 8GB,"16.1"" QHD IPS 240Hz",12 tháng Laptop AZ,Liên hệ,New 100%
None,HP Omen 16 2023,Core i5 - 13420H,16GB,512GB,RTX 4050 6GB,"16.1"" FHD IPS 144Hz",12 tháng Laptop AZ,Liên hệ,New 100%
46.890.000,Dell Gaming G16 7630 2023,Core i9-13900HX,16GB,1TB,RTX 4060 8GB,"16"" QHD 240Hz",12 tháng LaptopAZ,Còn hàng,New 100%
None,ASUS ROG Zephyrus G14 GA401QM-K2041T,Ryzen 9 5900HS,32GB,1TB NVMe,RTX 3060 6GB,"14"" WQHD 120Hz",12 Tháng Laptop AZ,Còn hàng,Like New
30.990.000,Lenovo LOQ 2023 15IRH8 82XV00D5VN,Core i7-13620H,16GB,512GB,RTX 4060 8GB,"15.6"" FHD 144Hz",24 tháng Lenovo Việt Nam,Còn hàng,New 100%
25.990.000,Lenovo LOQ 2023 15IRH8 82XV000PVN,Core i5-13420H,8GB,512GB,RTX 4050 6GB,"15.6"" FHD 144Hz",24 tháng Lenovo Việt Nam,Còn hàng,New 100%
None,Acer Gaming Predator Helios 300 2022 PH315-55-71EF,Core i7-12700H,16GB,1TB,RTX 3070Ti 8GB,15.6'' QHD 165Hz,12 tháng LaptopAZ,Liên hệ,Mới 100%
None,Lenovo Legion Pro 7 16IRX8H,Core i9-13900HX,16GB,1TB,RTX 4080 12GB,"16"" QHD+",12 tháng LaptopAZ,Liên hệ,New 100%
32.490.000,Asus ROG Strix G15 G513IM-HN057T,Ryzen 7-4800H,16GB,512GB,RTX 3060,15.6'' FHD 144Hz,24 tháng Asus Việt Nam,Còn hàng,New 100%
None,Acer Predator Helios Neo 2023 PHN16-71-7460,Core i7-13700HX,8GB,512GB,RTX 4050 6GB,"16"" WQXGA 165Hz",12 tháng Acer Việt Nam,Liên hệ,New 100%
None,Acer Predator Helios Neo 2023 PHN16-71-54CD,Core i5-13500HX,8GB,512GB,RTX 4050 6GB,"16"" WQXGA 165Hz",12 tháng Acer Việt Nam,Liên hệ,New 100%
54.990.000,Asus ROG Strix G16 2023 G614JI-N4084W,Core i7-13650HX,16GB,1TB,RTX 4070 8GB,"16"" QHD+ 240Hz",24 tháng Asus Việt Nam,Liên hệ,New 100%
47.990.000,Asus ROG Strix G16 2023 G614JV-N4455W,Core i7-13650HX,16GB,512GB,RTX 4060 8GB,"16"" QHD+ 240Hz",24 tháng Asus Việt Nam,Liên hệ,New 100%
39.690.000,Asus ROG Strix G16 2023 G614JU-N3777W,Core i7-13650HX,16GB,512GB,RTX 4050 6GB,"16"" FHD+ 165Hz",24 tháng Asus Việt Nam,Liên hệ,New 100%
35.990.000,Asus ROG Strix G16 2023 G614JU-N3135W,Core i5-13450HX,8GB,512GB,RTX 4050 6GB,"16"" FHD+ 165Hz",24 tháng Asus Việt Nam,Liên hệ,New 100%
25.790.000,Gigabyte G5 MF-E3VN333SH,Core i5-12500H,8GB,512GB,RTX 4060 8GB,"15.6"" FHD 144Hz",24 tháng Gigabyte Việt Nam,Còn hàng,New 100%
23.990.000,Gigabyte G5 MF-F2VN313SH,Core i5-12450H,16GB,512GB,RTX 4050 6GB,"15.6"" FHD 144Hz",24 tháng Gigabyte Việt Nam,Còn hàng,New 100%
None,Acer Nitro 17 Phoenix 2023 AN17-51-50B9,Core i5-13500H,8GB,512GB,RTX 4050 6GB,"17.3"" FHD 165Hz",12 tháng LaptopAZ,Liên hệ,New 100%
37.490.000,Dell Gaming G16 7620,Core i9-12900H,32GB,1TB,RTX 3070Ti 8GB,"16"" QHD+ 165Hz IPS",12 tháng LaptopAZ,Còn hàng,New 100%
None,Acer Nitro 16 Phoenix 2023 AN16-41,Ryzen 5-7535HS,8GB,512GB,RTX 4050 6GB,"16"" FHD+ 165Hz",12 tháng LaptopAZ,Liên hệ,New 100%
26.890.000,Asus ROG Zephyrus G15 GA503RM 2022,Ryzen 9-6900HS,16GB,512GB,RTX 3060 6GB,15.6'' QHD+ 165Hz,12 tháng tại LaptopAZ,Liên hệ,New Outlet
None,Acer Gaming Predator Helios 16 2023 PH16-71-550E,Core i5-13500HX,8GB,512GB,RTX 4050 6GB,"16"" FHD+ 165Hz",12 tháng LaptopAZ,Liên hệ,New 100%
None,Acer Gaming Predator Helios 300 2022 PH315-55-74Y1,Core i7-12700H,16GB,1TB,RTX 3070 8GB,15.6'' FHD 165Hz,12 tháng LaptopAZ,Liên hệ,Mới 100%
None,Acer Gaming Predator Helios 16 PH16-71-94N1,Core i9-13900HX,32GB,2TB,RTX 4080 12GB,"16"" QHD 240Hz",12 tháng LaptopAZ,Liên hệ,New 100%
21.890.000,Lenovo Legion 5 2021 15ACH6,Ryzen 5-5600H,8GB,512GB,RTX 3050Ti,15.6'' FHD 120Hz,12 tháng LaptopAZ,Liên hệ,New 100%
26.590.000,Gigabyte G5 KE-52VN263SH,Core i5-12500H,8GB,512GB,RTX 3060,15.6 inch FHD 144Hz,24 tháng chính hãng,Còn hàng,New 100%
33.990.000,ASUS ROG STRIX G17 G713QE-PH96,Ryzen 9-5900HX,16GB,1TB,RTX 3050Ti,17.3'' FHD,12 tháng LaptopAZ,Còn hàng,New 100%
None,Lenovo Legion 7 2022,Core i9-12900HX,32GB,1TB,RTX 3080Ti,16'' WQXGA 165Hz,36 tháng chính hãng,Liên hệ,Mới 100%
None,Lenovo Legion 5 Pro 2022 16IAH7H,Core i7-12700H,16GB,1TB,RTX 3060,"16"" WQXGA 165Hz",12 tháng LaptopAZ,Liên hệ,Mới 100%
46.390.000,Asus ROG Flow Z13 GZ301ZC-LD110W,Core i7-12700H,16GB,512GB,RTX 3050,13.4'' WUXGA IPS 120Hz Touch,24 tháng Asus Việt Nam,Liên hệ,New 100%
37.890.000,LAPTOP ASUS ROG STRIX G17 2020,Core i7-10750H,16GB,512GB,RTX 2070,17.3 FHD 144Hz,12 tháng,Còn hàng,Mới 100%
None,Dell Gaming G15 5530 2023,Core i7-13650HX,16GB,1TB,RTX 4060 8GB,15.6'' FHD 165Hz,12 tháng LaptopAZ,Liên hệ,New 100%
None,Lenovo Legion 5 Y7000P 2023,Core i7-13700H,16GB,1TB,RTX 4060 8GB,"16"" WQXGA 165Hz",12 tháng LaptopAZ,Liên hệ,New 100%
None,Asus ROG Strix G16 2023,Core i7-13650HX,16GB,1TB,RTX 4070 8GB,"16"" QHD+ 240Hz",12 tháng LaptopAZ,Liên hệ,New 100%
None,Asus ROG Strix G16 2023,Core i7-13650HX,16GB,512GB,RTX 4060 8GB,"16"" QHD+ 240Hz",12 tháng LaptopAZ,Liên hệ,New 100%
None,Asus ROG Strix G16 2023,Core i7-13650HX,16GB,512GB,RTX 4050 6GB,"16"" FHD+ 165Hz",12 tháng LaptopAZ,Liên hệ,New 100%
None,Asus ROG Strix G16 2023,Core i5-13450HX,8GB,512GB,RTX 4050 6GB,"16"" FHD+ 165Hz",12 tháng LaptopAZ,Liên hệ,New 100%
None,Asus ROG Strix G16 2023,Core i5-13450HX,16GB,512GB,RTX 4050 6GB,"16"" FHD+ 165Hz",12 tháng LaptopAZ,Liên hệ,New 100%
None,Acer Gaming Predator Helios 300 2022 PH315-55-76KG,Core i7-12700H,16GB,512GB,RTX 3060 6GB,15.6'' FHD 165Hz,12 tháng LaptopAZ,Liên hệ,Mới 100%
None,Lenovo Ideapad Gaming 3,Ryzen 5-5600H,8GB,256GB,RTX 3050Ti,"15.6"" FHD IPS 120Hz",12 tháng Laptop AZ,Liên hệ,Mới 100%
None,Acer Nitro 16 2023,Core i5-13500H,16GB,512GB,RTX 4050 6GB,"16"" FHD+ IPS 165Hz",12 tháng LaptopAZ,Liên hệ,Like New
None,Lenovo Legion 5 15ACH6H,Ryzen 5-5600H,8GB,512GB,RTX 3060,15.6'' FHD 120Hz,12 tháng LaptopAZ,Còn hàng,New 100%
25.890.000,Asus TUF F15 FX507ZM-BS74,Core i7-12700H,16GB,1TB,RTX 3060 6GB,15.6” FHD 144Hz IPS,12 tháng LaptopAZ,Liên hệ,New 100%
None,Acer Nitro 5 AN515-46-R32U,Ryzen 7 - 6800H,16GB,512GB,RTX 3060,"15.6"" FHD IPS 165Hz 100% sRGB",12 tháng LaptopAZ,Liên hệ,New 100%
None,Acer Nitro 5 2022 AN515-58,Core i5 - 12450H,16GB,512GB,RTX 3050Ti,"15.6"" FHD IPS 144Hz",12 tháng LaptopAZ,Liên hệ,New 100%
None,Acer Gaming Predator Helios 300 2022 PH315-55-70ZV,Core i7-12700H,16GB,512GB,RTX 3060 6GB,15.6'' FHD 165Hz,12 tháng LaptopAZ,Liên hệ,Like New
None,Lenovo Legion R7000P 2022,Ryzen 7-6800H,16GB,512GB,RTX 3050Ti 4GB,15.6'' WQHD 165Hz,12 tháng LaptopAZ,Liên hệ,New 100%
None,Acer Gaming Predator Helios 300 2022,Core i7-12700H,16GB,512GB,RTX 3060 6GB,15.6'' QHD 165Hz,12 tháng LaptopAZ,Liên hệ,Like New
None,MSI Vector GP76 12UE-270US,Core i7-12700H,16GB,1TB,RTX 3060,"17.3"" FHD 360Hz",12 tháng tại LaptopAZ,Liên hệ,New 100%
None,Lenovo Ideapad Gaming 3,Ryzen 5-5600H,8GB,256GB,RTX 3050Ti,"15.6"" FHD IPS 120Hz",12 tháng Laptop AZ,Liên hệ,New Outlet
None,Lenovo Legion Slim 7 16IAH7,Core i7-12700H,16GB,512GB,RTX 3050Ti,16'' 2K+ IPS 165Hz,12 tháng LaptopAZ,Liên hệ,New 100%
None,Dell Gaming G15 5520 2022,Core i5-12500H,8GB,256GB,RTX 3050 4GB,"15.6"" FHD 120Hz",12 tháng LaptopAZ,Liên hệ,Like New
None,Lenovo Legion 5 Pro 2022 16IAH7H,Core i5-12500H,16GB,512GB,RTX 3050Ti 4GB,"16"" WQXGA 165Hz",12 tháng LaptopAZ,Liên hệ,Mới 99%
None,Laptop Gaming Acer Nitro 5 2021 AN515-57-79TD,Core i7 - 11800H,8GB,512GB,RTX3050Ti,15.6'' FHD IPS 144Hz,12 tháng LaptopAZ,Liên hệ,Mới 99%
None,Lenovo Legion 5 Pro Y9000,Core i7 - 11800H,16GB,512GB,RTX 3050,"16"" QHD 165Hz",12 tháng LaptopAZ,Liên hệ,Like New
None,Lenovo Legion 5 Pro Y9000P,Core i9-12900H,16GB,512GB,RTX 3060 6GB,16'' WQXGA 165Hz,12 tháng Laptop AZ,Liên hệ,Like New
None,Asus ROG Zephyrus G15 GA503RM 2022,Ryzen 9-6900HS,16GB,512GB,RTX 3060 6GB,15.6'' QHD+ 165Hz,12 tháng tại LaptopAZ,Liên hệ,Like New
None,Acer Nitro 5 Tiger 2022 AN515-58,Core i7 - 12700H,16GB,512GB,RTX 3070 8GB,"15.6"" FHD 165Hz",12 tháng LaptopAZ,Liên hệ,New 100%
None,Lenovo Legion 5 Pro Y9000,Core i7 - 11800H,16GB,512GB,RTX 3050Ti,"16"" QHD 165Hz",12 tháng LaptopAZ,Liên hệ,Mới 100%
None,Lenovo Legion Pro 5 Y9000P 2023,Core i5-13500HX,16GB,1TB,RTX 4050 6GB,"16"" WQXGA 240Hz",12 tháng LaptopAZ,Liên hệ,New 100%
None,Lenovo Legion 5 Pro R9000P,Ryzen 7 - 5800H,16GB,512GB,RTX 3050Ti 4GB,16'' WQXGA 165Hz,12 tháng Laptop AZ,Liên hệ,Mới 100%
None,Laptop HP VICTUS 16-e1107AX 7C140PA,Ryzen 5- 6600H,8GB,512GB,RTX 3050,16.1 FHD IPS 144Hz,12 tháng HP Việt Nam,Liên hệ,Mới 100%
None,Lenovo Ideapad Gaming 3 2023,Ryzen 7-7735HS,16GB,512GB,RTX 4050 6GB,"15.6"" FHD 120Hz",12 tháng LaptopAZ,Liên hệ,New 100%
None,Acer Nitro 5 Tiger 2022 AN515-58,Core i7 - 12700H,16GB,512GB SSD + 1TB HDD,RTX 3070Ti 8GB,"15.6"" FHD 165Hz",12 tháng LaptopAZ,Liên hệ,Mới 100%
None,Laptop Gaming HP Victus 16,Core i5 11400H,8GB,256GB,RTX 3050 4GB,16.1 FHD IPS,12 tháng LaptopAZ,Liên hệ,Mới 99%
None,Lenovo Legion 5 2022 15ARH7H,Ryzen 7-6800H,16GB,2TB,RTX 3060 6GB,15.6'' FHD 165Hz,12 tháng Laptop AZ,Liên hệ,New 100%
None,Acer Nitro 5 2021 AN515,Ryzen 5 - 5600H,8GB,512GB,RTX 3060 6GB,"15.6"" FHD 144Hz",12 tháng LaptopAZ,Liên hệ,New Outlet
None,Acer Nitro 5 Tiger 2022 AN515-58-52SP,Core i5 - 12500H,8GB,512GB,RTX 3050,"15.6"" FHD IPS 144Hz",12 tháng Laptop AZ,Liên hệ,Mới 99%
None,Laptop Gaming HP Victus 2022 15-fa0025nr,Core i5-12500H,RAM 8GB,SSD 512GB,RTX 3050,"15.6"" FHD 60Hz",12 tháng LaptopAZ,Liên hệ,Mới 100%
None,Acer Nitro 5 Tiger 2022 AN515-58,Core i5 - 12500H,8GB,512GB,RTX 3070,"15.6"" FHD IPS 165Hz 100% sRGB",12 tháng LaptopAZ,Liên hệ,Mới 100%
None,Acer Nitro 5 Tiger 2022 AN515-58,Core i5 - 12500H,8GB,512GB,RTX 3070Ti,"15.6"" FHD IPS 165Hz",12 tháng LaptopAZ,Liên hệ,Mới 100%
None,Asus TUF Gaming A15 FA506IHR-HN019W,Ryzen 5-4600H,8GB,512GB,GTX 1650,15.6″ FHD IPS 144Hz,24 Tháng Asus Việt Nam,Liên hệ,Mới 99%
None,Acer Gaming Predator Helios 300 2022 PH315-55-5736,Core i5-12500H,8GB,512GB,RTX 3060 6GB,15.6'' FHD 165Hz,12 tháng LaptopAZ,Liên hệ,New 100%
None,Lenovo Legion 5 Pro 16ITH6,Core i7 - 11800H,32GB,1TB+1TB,RTX 3070,"16"" WQXGA 165Hz",12 tháng LaptopAZ,Liên hệ,Mới 100%
None,Dell Gaming G15 5530,Core i5-13450HX,8GB,256GB,NVIDIA RTX 4050 6GB,15'' FHD 120Hz,12 tháng LaptopAZ,Liên hệ,Mới 100%
None,Lenovo Legion 5 Pro 16ITH6,Core i7 - 11800H,16GB,512GB,RTX 3050,"16"" 2.5K 165Hz",12 tháng LaptopAZ,Liên hệ,New Outlet
None,Lenovo Legion 5 2022 15ARH7H,Ryzen 7-6800H,16GB,1TB,RTX 3070Ti,"15.6"" FHD 165Hz",12 tháng LaptopAZ,Liên hệ,New 100%
None,Laptop Gaming HP Victus 16-e1107AX 7C140PA 2022,Ryzen 5- 6600H,16GB,512GB,RTX 3050,16.1 FHD IPS 144Hz,12 tháng LaptopAZ,Liên hệ,Mới 100%
None,Acer Gaming Predator Helios 300,Core i7-11800H,16GB,512GB,RTX 3060,15.6'' FHD 165Hz,12 tháng LaptopAZ,Liên hệ,Mới 99%
None,Laptop Gaming HP Victus 16-e1107AX 7C140PA 2022,Ryzen 5-6600H,8GB,512GB,RTX 3050,16.1 FHD IPS 144Hz,12 tháng HP Việt Nam,Liên hệ,Mới 100%
None,Lenovo Legion 5 2022 15IAH7H,Core i7-12700H,16GB,2TB,RTX 3070Ti 8GB,"15.6"" FHD IPS 165Hz",12 tháng Laptop AZ,Liên hệ,New 100%
None,Acer Nitro 5 Tiger 2022 AN515-58,Core i5 - 12500H,8GB,512GB,RTX 3060,"15.6"" FHD IPS 165Hz 100% sRGB",12 tháng LaptopAZ,Liên hệ,New 100%
None,Acer Nitro 5 Tiger 2022 AN515-58-74B7,Core i7 - 12700H,8GB,512GB,RTX 3060,"15.6"" FHD IPS 165Hz 100% sRGB",12 tháng LaptopAZ,Liên hệ,Mới 100%
None,Asus ROG Strix G15 G513,Ryzen 7-4800H,8GB,512GB,GTX 1650,15.6'' FHD 144Hz,12 tháng LaptopAZ,Liên hệ,Like New
None,Acer Nitro 5 Tiger 2022 AN515-58,Core i5 - 12500H,8GB,512GB,RTX 3060,"15.6"" FHD IPS 144Hz",12 tháng LaptopAZ,Liên hệ,Mới 100%
None,Acer Nitro 5 Tiger 2022 AN515-58,Core i5 - 12500H,16GB,512GB,RTX 3050Ti,"15.6"" FHD IPS 144Hz",12 tháng LaptopAZ,Liên hệ,Mới 100%
None,Laptop Gaming Acer Nitro 5 2021 AN515-57-919C,Core i9 - 11900H,16GB,512GB,RTX3060,15.6'' FHD IPS 144Hz,12 tháng LaptopAZ,Liên hệ,Mới 100%
None,Asus Tuf F15 TUF506HM-BS74,Core i7-11800H,16GB,512GB,RTX 3060,15.6″ FHD 144Hz,12 tháng LaptopAZ,Liên hệ,New 100%
None,Asus TUF A15 FA507RE-A15.R73050T 2022,Ryzen 7-6800H,8GB,512GB,RTX 3050 Ti 4GB,15.6” FHD 144Hz IPS,12 tháng LaptopAZ,Liên hệ,Mới 100%
None,Laptop Gaming HP Victus 2022 15-fa0031dx,Core i7-12650H,RAM 16GB,SSD 512GB,RTX 3050 Ti,"15.6"" FHD 144Hz",12 tháng LaptopAZ,Liên hệ,New 100%
None,Acer Nitro 5 2022 AN515-58,Core i5 - 12500H,16GB,512GB,RTX 3050Ti,"15.6"" FHD IPS 144Hz",12 tháng LaptopAZ,Liên hệ,Mới 100%
None,Gigabyte G5 ME-51VN263SH,Core i5-12500H,8GB,512GB,RTX 3050Ti,15.6 inch FHD 144Hz,24 tháng Gigabyte Việt Nam,Liên hệ,New 100%
None,Lenovo Legion 5 Pro 2022 16IAH7H,Core i7-12700H,16GB,1TB,RTX 3070Ti,"16"" WQXGA 165Hz",12 tháng LaptopAZ,Liên hệ,Mới 100%
None,Acer Nitro 5 2021 AN515-45-56XD,Ryzen 5 - 5600H,8GB,512GB,RTX 3060,"15.6"" FHD 144Hz",12 tháng LaptopAZ,Liên hệ,Mới 100%
None,ASUS TUF Gaming F15 FX506HC,Core i5-11400H,8GB,512GB,RTX 3050,15.6″ FHD 144Hz,12 tháng LaptopAZ,Liên hệ,Mới 100%
None,Acer Nitro 5 2021 AN517-54,Core i7 - 11800H,16GB,1TB,RTX3050Ti,17.3'' FHD IPS 144Hz,12 tháng LaptopAZ,Liên hệ,Mới 100%
None,Lenovo Legion 5 15ACH6,Ryzen 5- 5600H,8GB,512GB,NVIDIA RTX 3050,15.6'' FHD 120Hz,12 tháng Laptop AZ,Liên hệ,Mới 100%
None,Acer Nitro 5 2021 AN517-54-79L1,Core i7 - 11800H,16GB,1TB,RTX3050Ti,17.3'' FHD IPS 144Hz,12 tháng LaptopAZ,Liên hệ,New Outlet
None,Acer Nitro 5 2022 AN517-55,Core i5 - 12500H,8GB,512GB,RTX 3050,"17.3"" FHD IPS 144Hz",12 tháng LaptopAZ,Liên hệ,Mới 100%
None,Lenovo Ideapad Gaming 3 15IHU6,Core i5-11320H,8GB,512GB,RTX 3050,"15.6"" FHD IPS",24 tháng Lenovo Việt Nam,Liên hệ,Mới 100%
None,Lenovo Legion 5 Pro 16ACH6H,Ryzen 7 - 5800H,16GB,512GB,RTX 3070,"16"" WQXGA 165Hz",12 tháng LaptopAZ,Liên hệ,Mới 100%
None,Lenovo Legion 5 Pro 2022 16IAH7H,Core i7-12700H,16GB,1TB,RTX 3070,"16"" WQXGA 165Hz",12 tháng LaptopAZ,Liên hệ,Mới 100%
None,Lenovo Legion 5 Pro 2022 16ARH7H,Ryzen 7-6800H,16GB,1TB,RTX 3070Ti,16'' WQXGA 165Hz,12 tháng Laptop AZ,Liên hệ,Mới 100%
None,Lenovo Ideapad Gaming 3 15IHU6,Core i5-11300H,8GB,256GB,RTX 3050,"15.6"" FHD IPS",12 tháng Laptop AZ,Liên hệ,Mới 100%
None,Lenovo Legion Y7000P 2022 IAH7,Core i5-12500H,16GB,512GB,RTX 3050,"15.6"" WQHD 165Hz",12 tháng LaptopAZ,Liên hệ,Mới 100%
None,ASUS ROG Zephyrus M16 GU603,Core i9-11900H,16GB,1TB,RTX 3060,"16"" WQXGA 165Hz",h: 12 th√°ng t·∫°i LaptopAZ,Li√™n h·ªá,M·ªõi 100%
None,ASUS ROG Strix SCAR 15 G533QM,Ryzen 9-5900HX,32GB,1TB,RTX 3080,15.6'' FHD 300Hz,12 tháng tại LaptopAZ,Liên hệ,Mới 100%
None,ASUS ROG Strix SCAR 15 G533QM,Ryzen 9-5900HX,16GB,1TB,RTX 3080,15.6'' FHD 300Hz,12 tháng tại LaptopAZ,Liên hệ,Mới 100%
None,ASUS ROG Strix SCAR 15 G533QS-DS76,Ryzen 7-5800H,16GB,1TB,RTX 3080,"15.6"" FHD 300Hz",h: 12 th√°ng t·∫°i LaptopAZ,Li√™n h·ªá,M·ªõi 100%
None,Asus ROG Strix G15 G513QR-ES96,Ryzen 9-5900HX,16GB,1TB,RTX 3070,"15.6"" FHD 300Hz",h: 12 th√°ng t·∫°i LaptopAZ,Li√™n h·ªá,New 100%
None,Asus ROG Strix G15 G513QE-WH96,Ryzen 9-5900HX,16GB,1TB,RTX 3050Ti,15.6'' FHD 144Hz,12 tháng tại LaptopAZ,Liên hệ,New 100%
None,Acer Predator Triton 300 SE,Core i7-11375H,16GB,512GB,RTX 3050Ti,"14"" FHD 144Hz",12 tháng tại LaptopAZ,Liên hệ,New Outlet
None,Dell Alienware M15 R7 2022,Core i7-12700H,16GB,512GB,RTX 3070Ti,"15.6"" QHD IPS 240Hz",12 tháng tại LaptopAZ,Liên hệ,Mới 100%
None,Acer Gaming Predator Helios 300,Core i7-11800H,16GB,512GB,RTX 3060,15.6'' FHD 144Hz,12 tháng LaptopAZ,Liên hệ,Mới 100%
None,Acer Predator Triton 500 SE,Core i7-11800H,16GB,512GB,RTX 3060,"16"" WQXGA 165Hz",12 tháng tại LaptopAZ,Liên hệ,New Outlet
None,Asus ROG Strix G15 G513,Ryzen 7-5800H,16GB,1TB,RTX 3050Ti,15.6'' FHD IPS 144Hz,12 tháng LaptopAZ,Liên hệ,Mới 100%
None,Lenovo Ideapad Gaming 3 15ACH6 82K2008WVN,Ryzen 5-5600H,8GB,512GB,RTX 3050,"15.6"" FHD IPS 120Hz",24 tháng tại Lenovo Việt Nam,Còn hàng,Mới 100%
None,Asus TUF Dash F15 2022,Core i7-12650H,16GB,512GB,RTX 3060,15.6″ FHD 144Hz,12 tháng LaptopAZ,Liên hệ,Mới 100%
None,MSI GE76 Raider,Core i7-11800H,16GB,1TB,RTX 3060,"17.3"" FHD 144Hz",12 tháng tại LaptopAZ,Liên hệ,New 100%
None,MSI Pulse GL66 11UCK-234US,Core i5-11400H,8GB,512GB,RTX 3050,"15.6"" FHD IPS",12 tháng tại LaptopAZ,Liên hệ,New 100%
None,MSI Pulse GL66 11UGK-001,Core i7-11800H,16GB,512GB,RTX 3070,"15.6"" FHD 144Hz",12 tháng tại LaptopAZ,Liên hệ,Mới 100%
None,Lenovo Legion 5 Pro 2022 16ARH7H,Ryzen 7-6800H,16GB,512GB,RTX 3060,16'' WQXGA 165Hz,12 tháng Laptop AZ,Liên hệ,Mới 100%
None,Lenovo Legion R9000X,Ryzen 7 - 5800H,16GB,512GB,RTX 3060,15.6'' WQXGA 165Hz,12 tháng Laptop AZ,Liên hệ,Mới 100%
None,Lenovo Legion 5 2022 15ARH7 82RE0035VN,Ryzen 7-6800H,8GB,512GB,RTX 3050Ti,"15.6"" FHD 165Hz",h: 36 th√°ng Lenovo Vi·ªát Nam,Li√™n h·ªá,New 100%
None,Asus ROG Strix G15 2022 G513RM-HQ017W,Ryzen 9-6900HX,16GB,1TB,RTX 3070Ti,15.6'' WQHD 165Hz,24 tháng Asus Việt Nam,Liên hệ,New 100%
None,Asus TUF A15 FA506Q-SB54,Ryzen 5-5600H,16GB,512GB,RTX 3050Ti,15.6″ FHD IPS 144Hz,12 tháng LaptopAZ,Liên hệ,Mới 100%
None,Asus ROG Strix G15 2022 G513RM-HQ055W,Ryzen 7-6800H,16GB,512GB,RTX 3060,15.6'' WQHD 165Hz,24 tháng Asus Việt Nam,Liên hệ,New 100%
None,Asus ROG Strix G15 G513IE-PH74,Ryzen 7-4800H,16GB,512GB,RTX 3050Ti,15.6'' FHD IPS 300Hz,12 tháng LaptopAZ,Liên hệ,Mới 100%
None,Dell Gaming G5 15 5511,Core i5-11400H,8GB,256GB,RTX 3050,15.6'' FHD 120Hz,12 tháng Laptop AZ,Còn hàng,Mới 100%
None,Lenovo Ideapad Gaming 3 2022,Ryzen 7-6800H,16GB,512GB,RTX 3050Ti,"16"" WUXGA 165Hz",24 tháng chính hãng,Liên hệ,Mới 100%
None,Lenovo Legion 5 17ACH6H,Ryzen 5-5600H,16GB,1TB,RTX3060,"17.3"" FHD IPS 144Hz",12 tháng LaptopAZ,Liên hệ,Mới 100%
None,Lenovo Legion 5 2022 15ARH7H,Ryzen 5-6600H,16GB,512GB,RTX 3060,"15.6"" 2K 165Hz IPS",12 tháng LaptopAZ,Liên hệ,New 100%
None,Lenovo Legion 5 15ITH6,Core i5-11400H,8GB,512GB,RTX 3050,"15.6"" FHD 165Hz 100% sRGB",12 tháng LaptopAZ,Liên hệ,New 100%
None,Lenovo Legion 5 15ACH6A,Ryzen 7-5800H,16GB,1TB,RX 6600M,15.6'' FHD 165Hz,12 tháng LaptopAZ,Liên hệ,Mới 100%
None,HP Omen 15 en1570wm,Ryzen 7 - 5800H,16GB,1TB,RTX 3070,15.6 FHD IPS 144Hz,12 tháng Laptop AZ,Liên hệ,Mới 100%
None,Laptop Legion 5 Gen 6,Ryzen 7-5800H,16GB,512GB,RTX3070,17.3 FHD IPS 144Hz,12 tháng LaptopAZ,Còn hàng,Mới 100%
None,Lenovo Legion 5 Gen 6,Ryzen 7-5800H,16GB,1TB,RTX 3070,15.6'' FHD IPS 165Hz,12 tháng LaptopAZ,Liên hệ,Mới 100%
None,Lenovo Ideapad Gaming 3 15IAH7 82S90086VN,Core i5-12500H,16GB,512GB,RTX 3050Ti,"6"" FHD 120Hz",24 tháng Lenovo Việt Nam,Liên hệ,New 100%
15.990.000,Laptop Gaming HP Victus 2022 15-fa0031dx,Core i5-12450H,8GB,512GB,GTX 1650,"15.6"" FHD 144Hz",12 tháng LaptopAZ,Liên hệ,New 100%
None,Lenovo Legion 5 Pro 2022 R9000P,Ryzen 7-6800H,16GB,512GB,RTX 3060,16'' WQXGA 165Hz,12 tháng Laptop AZ,Liên hệ,Mới 100%
None,Acer Gaming Predator Helios 300 2022,Core i7-12700H,16GB,512GB,RTX 3060 6GB,15.6'' QHD 165Hz,12 tháng LaptopAZ,Liên hệ,New 100%
None,Lenovo Legion Y7000P IAH7 2022,Ryzen 7-6800H,16GB,512GB,RTX 3060,"15.6"" FHD 165Hz",12 tháng,Liên hệ,Mới 100%
None,Lenovo Legion Y7000P 2022 IAH7,Core i5-12500H,8GB,256GB,RTX 3050,"15.6"" FHD 165Hz",12 tháng LaptopAZ,Liên hệ,Mới 100%
None,Lenovo Legion 5 2021,Ryzen 7-5800H,16GB,1TB,RTX 3050Ti,15.6'' FHD 165Hz,12 tháng LaptopAZ,Liên hệ,Mới 100%
None,Laptop Legion 5 17ACH6H,Ryzen 7-5800H,16GB,256GB,RTX3060,17.3 FHD IPS 144Hz,12 tháng LaptopAZ,Liên hệ,Mới 100%
None,Lenovo Legion 5i Gen 6,Core i5-11400H,16GB,512GB,RTX 3060,"15.6"" FHD 165Hz",12 tháng Laptop AZ,Liên hệ,Mới 100%
None,Lenovo Legion 5i Gen 6,Core i7-11800H,16GB,512GB,RTX 3070,"15.6"" FHD 165Hz",12 tháng Laptop AZ,Liên hệ,Mới 100%
None,MSI Raider GE76 12UHS 480VN,Core i9-12900HK,64GB,2TB,NVIDIA RTX 3080Ti,"17.3"" UHD 120Hz",24 tháng MSI Việt Nam,Liên hệ,New 100%
None,Laptop Gaming Acer Nitro 5 2021 AN515-57,Core i7 - 11800H,8GB,512GB,RTX3050Ti,15.6'' FHD IPS 144Hz,12 tháng LaptopAZ,Liên hệ,Mới 100%
None,Asus ROG Strix G15 G513IC-EB73,Ryzen 7-4800H,8GB,512GB,RTX 3050 4GB,15.6'' FHD IPS 144Hz,12 tháng LaptopAZ,Liên hệ,New 100%
None,Dell Alienware X17 R2,Core i7-12700H,32GB,1TB,VGA RTX 3070Ti,17.3 inch FHD 165Hz,12 tháng Laptop AZ,Liên hệ,Mới 100%
None,Asus TUF A15 2022,Ryzen 7-6800H,8GB,512GB,RTX 3050 4GB (95W),15.6” FHD 144Hz IPS,12 tháng LaptopAZ,Liên hệ,Mới 100%
None,Lenovo Legion 5 2022,Ryzen 7-6800H,8GB,512GB,RTX 3050,"15.6"" FHD 165Hz IPS",12 tháng LaptopAZ,Liên hệ,Mới 100%
None,Lenovo Legion 5 2022,Ryzen 5-6600H,8GB,512GB,RTX 3050,"15.6"" FHD 165Hz IPS",12 tháng LaptopAZ,Liên hệ,Mới 100%
None,Laptop Lenovo Legion 5 17ACH6,Ryzen 5-5600H,16GB,1TB,RTX3060 6GB 130W,17.3 FHD IPS 144Hz 100% sRGB,12 tháng LaptopAZ,Liên hệ,Mới 100%
None,HP Victus 16 2022,Core i7-12700H,16GB,512GB,RTX 3060,16.1 FHD 144Hz,12 tháng,Liên hệ,Mới 100%
None,Lenovo Legion 5 15ITH6 82JK007SVN,i7-11800H,8GB,512GB,RTX 3050Ti 4GB,4 Cell 60Wh,12 tháng bảo hàng chính hãng,Liên hệ,Mới 100%
None,Dell Gaming G15 5520 2022,i5 12500H,8GB,512GB,RTX 3050 4GB,"15.6"" FHD 120Hz",12 tháng LaptopAZ,Liên hệ,Mới 100%
None,Laptop Gaming Acer Nitro 5 2021 AN515-57-700J,Core i7 - 11800H,16GB,512GB,RTX3050Ti,15.6'' FHD IPS 144Hz,12 tháng LaptopAZ,Liên hệ,New Outlet
None,Asus TUF F15 2022,i7 12700H,RTX 3050 95W,8GB DDR5 4800MHz,512GB,15.6” 144Hz IPS,12 tháng bảo hành Laptop AZ,Liên hệ,Mới 100%
None,Asus TUF F15 2022,i5 12500H,RTX 3050 95W,8GB DDR5 4800MHz,512GB,15.6” 144Hz IPS,12 tháng Laptop AZ,Liên hệ,Mới 100%
None,Lenovo Legion 5 2022 15IAH7H,i7-12700H,8GB,512GB,RTX 3050 4GB (95W),"15.6"" FHD IPS 165Hz",12 tháng Laptop AZ,Liên hệ,Mới 100%
None,Lenovo Legion 5 2022 15IAH7H,Core i5-12500H,8GB,512GB,RTX 3050 4GB (95W),"15.6"" FHD IPS 165Hz",36 tháng Lenovo Việt Nam,Liên hệ,New 100%
15.890.000,Laptop Gaming Acer Nitro 5 2021 AN515-57-5700,Core i5 - 11400H,16GB,512GB,RTX3050Ti,15.6'' FHD IPS 144Hz,12 tháng LaptopAZ,Còn hàng,New Outlet
None,Laptop Gaming Acer Nitro 5 2021 AN515-57-5700,Core i5 - 11400H,8GB,512GB,RTX3050Ti,15.6'' FHD IPS 144Hz,12 tháng LaptopAZ,Liên hệ,New Outlet
None,None,None,None,None,None,None,24 tháng Asus Việt Nam,Liên hệ,None
None,Asus TUF Gaming F15 FX506LHB-HN188W,Core i5 - 10300H,8GB,512GB,GTX 1650,15.6″ FHD 144Hz,24 tháng Asus Việt Nam,Liên hệ,New 100%
None,Acer Nitro 5 Tiger 2022 AN515-58-52SP,Core i5 - 12500H,8GB,512GB,RTX 3050,"15.6"" FHD IPS 144Hz",12 tháng Acer Việt Nam,Liên hệ,New 100%
None,Asus ROG Strix G15 2022 G513RC-HN038W,Ryzen 7-6800H,8GB,512GB,RTX 3050,15.6'' FHD 144Hz,24 tháng Asus Việt Nam,Liên hệ,New 100%
None,Dell Gaming G15 5515,Ryzen 5-5600H,8GB,256GB,RTX 3050 4GB,15.6'' FHD 120Hz,12 tháng Laptop AZ,Liên hệ,Mới 100%
None,HP Omen 16,Core i7 - 11800H,16GB,512GB,RTX 3060,16.1 FHD IPS,12 tháng Laptop AZ,Liên hệ,New 100%
None,HP Omen 16 b0005dx,Core i7 - 11800H,16GB,1TB,RTX 3070 8GB,16.1 QHD IPS 165Hz,12 tháng Laptop AZ,Liên hệ,New 100%
None,Lenovo Ideapad Gaming 3,Ryzen 5-5600H,8GB,256GB,GTX 1650,"15.6"" FHD IPS 120Hz",12 tháng Laptop AZ,Liên hệ,Mới 100%
None,Lenovo Legion 5 Pro R9000P,Ryzen 7 - 5800H,16GB,512GB,RTX 3070,16'' WQXGA 165Hz,12 tháng Laptop AZ,Liên hệ,Mới 100%
None,Lenovo Ideapad Gaming 3 15IHU6,Core i5-11300H,8GB,512GB,GTX 1650,"15.6"" FHD IPS",12 tháng Laptop AZ,Liên hệ,Mới 100%
None,"Asus TUF Dash F15 FX516PM-HN002W Core i7-11370H, 8GB, 512GB, RTX 3060, 15.6″ FHD 144H",[Mới 100%] Asus TUF Dash F15 FX516PM-HN002W Core i7-11370H,8GB,512GB,RTX 3060,15.6″ FHD 144H,24 tháng Asus Việt Nam,Liên hệ,Mới 100%
None,Asus TUF Gaming A15 FA506QM-HN016T,Ryzen 7-5800H,16GB,512GB,RTX 3060 6G,15.6″ FHD IPS 144Hz,24 tháng chính hãng Asus,Liên hệ,Mới 100%
None,Lenovo Legion Slim 7,Ryzen 7-5800H,16GB,512GB,RTX 3060 Max-Q,15.6'' FHD IPS 165Hz,12 tháng LaptopAZ,Liên hệ,Mới 100%
None,Lenovo Legion 5 2021,Ryzen 7-5800H,8GB,512GB,RTX 3050Ti,15.6'' FHD 165Hz,12 tháng LaptopAZ,Liên hệ,Mới 100%
None,Lenovo Ideapad Gaming 3,Ryzen 5-5600H,8GB,512GB,RTX 3050Ti,"15.6"" FHD IPS 120Hz",12 tháng Laptop AZ,Liên hệ,Mới 100%
None,Asus TUF Gaming FX706HC,Core i5-11260H,8GB,512GB,RTX 3050,17.3″ FHD IPS 144Hz,khuyến mại,Liên hệ,Mới 100%
None,Dell Gaming G5 15 5511,Core i7-11800H,16GB,512GB,RTX 3060,15.6'' FHD 165Hz,12 tháng Laptop AZ,Liên hệ,New 100%
None,Lenovo Ideapad Gaming 3,Ryzen 5-5600H,8GB,512GB,RTX 3060,"15.6"" FHD IPS 120Hz",12 tháng Laptop AZ,Liên hệ,Mới 100%
